도시이름,날짜,요일한글,방문객한글,방문자수
부안군,20210101,금요일,외지인(b),30996
부안군,20210102,토요일,외지인(b),30884
부안군,20210103,일요일,외지인(b),23552
부안군,20210104,월요일,외지인(b),11767
부안군,20210105,화요일,외지인(b),11393
부안군,20210106,수요일,외지인(b),11508
부안군,20210107,목요일,외지인(b),6174
부안군,20210108,금요일,외지인(b),7858
부안군,20210109,토요일,외지인(b),14158
부안군,20210110,일요일,외지인(b),16394
부안군,20210111,월요일,외지인(b),10864
부안군,20210112,화요일,외지인(b),11039
부안군,20210113,수요일,외지인(b),12898
부안군,20210114,목요일,외지인(b),14445
부안군,20210115,금요일,외지인(b),15400
부안군,20210116,토요일,외지인(b),24199
부안군,20210117,일요일,외지인(b),25032
부안군,20210118,월요일,외지인(b),9653
부안군,20210119,화요일,외지인(b),12432
부안군,20210120,수요일,외지인(b),14497
부안군,20210121,목요일,외지인(b),14242
부안군,20210122,금요일,외지인(b),15782
부안군,20210123,토요일,외지인(b),25946
부안군,20210124,일요일,외지인(b),30534
부안군,20210125,월요일,외지인(b),15936
부안군,20210126,화요일,외지인(b),13076
부안군,20210127,수요일,외지인(b),14490
부안군,20210128,목요일,외지인(b),12940
부안군,20210129,금요일,외지인(b),14049
부안군,20210130,토요일,외지인(b),26180
부안군,20210131,일요일,외지인(b),28256
부안군,20210201,월요일,외지인(b),12012
부안군,20210202,화요일,외지인(b),12009
부안군,20210203,수요일,외지인(b),11977
부안군,20210204,목요일,외지인(b),12611
부안군,20210205,금요일,외지인(b),14823
부안군,20210206,토요일,외지인(b),23303
부안군,20210207,일요일,외지인(b),23170
부안군,20210208,월요일,외지인(b),12912
부안군,20210209,화요일,외지인(b),14595
부안군,20210210,수요일,외지인(b),19758
부안군,20210211,목요일,외지인(b),43568
부안군,20210212,금요일,외지인(b),71316
부안군,20210213,토요일,외지인(b),63011
부안군,20210214,일요일,외지인(b),31738
부안군,20210215,월요일,외지인(b),13643
부안군,20210216,화요일,외지인(b),12698
부안군,20210217,수요일,외지인(b),9373
부안군,20210218,목요일,외지인(b),11004
부안군,20210219,금요일,외지인(b),16835
부안군,20210220,토요일,외지인(b),30167
부안군,20210221,일요일,외지인(b),32596
부안군,20210222,월요일,외지인(b),17500
부안군,20210223,화요일,외지인(b),16923
부안군,20210224,수요일,외지인(b),17059
부안군,20210225,목요일,외지인(b),15586
부안군,20210226,금요일,외지인(b),20202
부안군,20210227,토요일,외지인(b),40877
부안군,20210228,일요일,외지인(b),50418
부안군,20210301,월요일,외지인(b),21739
부안군,20210302,화요일,외지인(b),12404
부안군,20210303,수요일,외지인(b),13612
부안군,20210304,목요일,외지인(b),12810
부안군,20210305,금요일,외지인(b),16391
부안군,20210306,토요일,외지인(b),28847
부안군,20210307,일요일,외지인(b),27332
부안군,20210308,월요일,외지인(b),14595
부안군,20210309,화요일,외지인(b),15225
부안군,20210310,수요일,외지인(b),15967
부안군,20210311,목요일,외지인(b),16569
부안군,20210312,금요일,외지인(b),16020
부안군,20210313,토요일,외지인(b),34867
부안군,20210314,일요일,외지인(b),35133
부안군,20210315,월요일,외지인(b),16202
부안군,20210316,화요일,외지인(b),15946
부안군,20210317,수요일,외지인(b),16496
부안군,20210318,목요일,외지인(b),17731
부안군,20210319,금요일,외지인(b),21067
부안군,20210320,토요일,외지인(b),29155
부안군,20210321,일요일,외지인(b),29981
부안군,20210322,월요일,외지인(b),16489
부안군,20210323,화요일,외지인(b),16366
부안군,20210324,수요일,외지인(b),17630
부안군,20210325,목요일,외지인(b),19086
부안군,20210326,금요일,외지인(b),22117
부안군,20210327,토요일,외지인(b),30181
부안군,20210328,일요일,외지인(b),29208
부안군,20210329,월요일,외지인(b),18718
부안군,20210330,화요일,외지인(b),20300
부안군,20210331,수요일,외지인(b),20384
부안군,20210401,목요일,외지인(b),15911
부안군,20210402,금요일,외지인(b),20132
부안군,20210403,토요일,외지인(b),28119
부안군,20210404,일요일,외지인(b),27118
부안군,20210405,월요일,외지인(b),16667
부안군,20210406,화요일,외지인(b),16720
부안군,20210407,수요일,외지인(b),16363
부안군,20210408,목요일,외지인(b),16618
부안군,20210409,금요일,외지인(b),21711
부안군,20210410,토요일,외지인(b),46109
부안군,20210411,일요일,외지인(b),43320
부안군,20210412,월요일,외지인(b),13720
부안군,20210413,화요일,외지인(b),14196
부안군,20210414,수요일,외지인(b),16800
부안군,20210415,목요일,외지인(b),17626
부안군,20210416,금요일,외지인(b),19961
부안군,20210417,토요일,외지인(b),39785
부안군,20210418,일요일,외지인(b),39190
부안군,20210419,월요일,외지인(b),18858
부안군,20210420,화요일,외지인(b),18715
부안군,20210421,수요일,외지인(b),18200
부안군,20210422,목요일,외지인(b),18379
부안군,20210423,금요일,외지인(b),21567
부안군,20210424,토요일,외지인(b),45647
부안군,20210425,일요일,외지인(b),44660
부안군,20210426,월요일,외지인(b),19397
부안군,20210427,화요일,외지인(b),19170
부안군,20210428,수요일,외지인(b),19016
부안군,20210429,목요일,외지인(b),19481
부안군,20210430,금요일,외지인(b),23863
부안군,20210501,토요일,외지인(b),42238
부안군,20210502,일요일,외지인(b),43673
부안군,20210503,월요일,외지인(b),21123
부안군,20210504,화요일,외지인(b),20517
부안군,20210505,수요일,외지인(b),45000
부안군,20210506,목요일,외지인(b),22292
부안군,20210507,금요일,외지인(b),25480
부안군,20210508,토요일,외지인(b),49595
부안군,20210509,일요일,외지인(b),46379
부안군,20210510,월요일,외지인(b),16496
부안군,20210511,화요일,외지인(b),15981
부안군,20210512,수요일,외지인(b),17847
부안군,20210513,목요일,외지인(b),19450
부안군,20210514,금요일,외지인(b),23251
부안군,20210515,토요일,외지인(b),35427
부안군,20210516,일요일,외지인(b),28553
부안군,20210517,월요일,외지인(b),16240
부안군,20210518,화요일,외지인(b),22299
부안군,20210519,수요일,외지인(b),45903
부안군,20210520,목요일,외지인(b),17717
부안군,20210521,금요일,외지인(b),23139
부안군,20210522,토요일,외지인(b),47397
부안군,20210523,일요일,외지인(b),44534
부안군,20210524,월요일,외지인(b),19705
부안군,20210525,화요일,외지인(b),18032
부안군,20210526,수요일,외지인(b),18606
부안군,20210527,목요일,외지인(b),17759
부안군,20210528,금요일,외지인(b),21350
부안군,20210529,토요일,외지인(b),49420
부안군,20210530,일요일,외지인(b),47439
부안군,20210531,월요일,외지인(b),18767
부안군,20210601,화요일,외지인(b),16370
부안군,20210602,수요일,외지인(b),16079
부안군,20210603,목요일,외지인(b),13790
부안군,20210604,금요일,외지인(b),22330
부안군,20210605,토요일,외지인(b),46785
부안군,20210606,일요일,외지인(b),45024
부안군,20210607,월요일,외지인(b),18970
부안군,20210608,화요일,외지인(b),16807
부안군,20210609,수요일,외지인(b),17686
부안군,20210610,목요일,외지인(b),17311
부안군,20210611,금요일,외지인(b),20787
부안군,20210612,토요일,외지인(b),43995
부안군,20210613,일요일,외지인(b),43015
부안군,20210614,월요일,외지인(b),19558
부안군,20210615,화요일,외지인(b),16653
부안군,20210616,수요일,외지인(b),18228
부안군,20210617,목요일,외지인(b),18291
부안군,20210618,금요일,외지인(b),22985
부안군,20210619,토요일,외지인(b),47292
부안군,20210620,일요일,외지인(b),44114
부안군,20210621,월요일,외지인(b),21844
부안군,20210622,화요일,외지인(b),20535
부안군,20210623,수요일,외지인(b),19299
부안군,20210624,목요일,외지인(b),22211
부안군,20210625,금요일,외지인(b),27864
부안군,20210626,토요일,외지인(b),49389
부안군,20210627,일요일,외지인(b),46260
부안군,20210628,월요일,외지인(b),21361
부안군,20210629,화요일,외지인(b),20465
부안군,20210630,수요일,외지인(b),19912
부안군,20210701,목요일,외지인(b),18533
부안군,20210702,금요일,외지인(b),22666
부안군,20210703,토요일,외지인(b),33166
부안군,20210704,일요일,외지인(b),31871
부안군,20210705,월요일,외지인(b),17812
부안군,20210706,화요일,외지인(b),15099
부안군,20210707,수요일,외지인(b),14459
부안군,20210708,목요일,외지인(b),17206
부안군,20210709,금요일,외지인(b),21347
부안군,20210710,토요일,외지인(b),38308
부안군,20210711,일요일,외지인(b),37597
부안군,20210712,월요일,외지인(b),20087
부안군,20210713,화요일,외지인(b),19268
부안군,20210714,수요일,외지인(b),18925
부안군,20210715,목요일,외지인(b),20055
부안군,20210716,금요일,외지인(b),24490
부안군,20210717,토요일,외지인(b),40859
부안군,20210718,일요일,외지인(b),40152
부안군,20210719,월요일,외지인(b),22015
부안군,20210720,화요일,외지인(b),22176
부안군,20210721,수요일,외지인(b),22201
부안군,20210722,목요일,외지인(b),23996
부안군,20210723,금요일,외지인(b),27573
부안군,20210724,토요일,외지인(b),44552
부안군,20210725,일요일,외지인(b),43747
부안군,20210726,월요일,외지인(b),26313
부안군,20210727,화요일,외지인(b),25445
부안군,20210728,수요일,외지인(b),25925
부안군,20210729,목요일,외지인(b),28945
부안군,20210730,금요일,외지인(b),34398
부안군,20210731,토요일,외지인(b),53613
부안군,20210801,일요일,외지인(b),51716
부안군,20210802,월요일,외지인(b),36796
부안군,20210803,화요일,외지인(b),35585
부안군,20210804,수요일,외지인(b),31885
부안군,20210805,목요일,외지인(b),32708
부안군,20210806,금요일,외지인(b),34003
부안군,20210807,토요일,외지인(b),45119
부안군,20210808,일요일,외지인(b),41769
부안군,20210809,월요일,외지인(b),24987
부안군,20210810,화요일,외지인(b),24014
부안군,20210811,수요일,외지인(b),23590
부안군,20210812,목요일,외지인(b),25585
부안군,20210813,금요일,외지인(b),30408
부안군,20210814,토요일,외지인(b),51013
부안군,20210815,일요일,외지인(b),63777
부안군,20210816,월요일,외지인(b),43946
부안군,20210817,화요일,외지인(b),24773
부안군,20210818,수요일,외지인(b),23755
부안군,20210819,목요일,외지인(b),24483
부안군,20210820,금요일,외지인(b),27118
부안군,20210821,토요일,외지인(b),30090
부안군,20210822,일요일,외지인(b),41510
부안군,20210823,월요일,외지인(b),19926
부안군,20210824,화요일,외지인(b),17360
부안군,20210825,수요일,외지인(b),18652
부안군,20210826,목요일,외지인(b),22666
부안군,20210827,금요일,외지인(b),22267
부안군,20210828,토요일,외지인(b),42210
부안군,20210829,일요일,외지인(b),37398
부안군,20210830,월요일,외지인(b),22187
부안군,20210901,수요일,외지인(b),13731
부안군,20210902,목요일,외지인(b),16741
부안군,20210903,금요일,외지인(b),23356
부안군,20210904,토요일,외지인(b),44692
부안군,20210905,일요일,외지인(b),40219
부안군,20210906,월요일,외지인(b),16058
부안군,20210907,화요일,외지인(b),14893
부안군,20210908,수요일,외지인(b),18690
부안군,20210909,목요일,외지인(b),21473
부안군,20210910,금요일,외지인(b),25442
부안군,20210911,토요일,외지인(b),45581
부안군,20210912,일요일,외지인(b),41255
부안군,20210913,월요일,외지인(b),19394
부안군,20210914,화요일,외지인(b),17801
부안군,20210915,수요일,외지인(b),17402
부안군,20210916,목요일,외지인(b),17203
부안군,20210917,금요일,외지인(b),19520
부안군,20210918,토요일,외지인(b),48717
부안군,20210919,일요일,외지인(b),73283
부안군,20210920,월요일,외지인(b),84504
부안군,20210921,화요일,외지인(b),87252
부안군,20210922,수요일,외지인(b),55048
부안군,20210923,목요일,외지인(b),25445
부안군,20210924,금요일,외지인(b),26373
부안군,20210925,토요일,외지인(b),42767
부안군,20210926,일요일,외지인(b),39197
부안군,20210927,월요일,외지인(b),19761
